ticket_id,intent,sentiment,category,resolution_time_hours,is_escalated
T002701,complaint_quality,neutral,billing,17.59,1
T000360,delivery_issue,positive,product,5.95,0
T001808,promo_question,positive,billing,11.19,0
T000571,product_inquiry,positive,account,15.39,1
T000305,delivery_issue,positive,product,7.2,0
T001778,refund_request,neutral,marketing,2.92,0
T001923,complaint_quality,positive,logistics,1.09,1
T001737,account_access,positive,billing,1.09,0
T000441,promo_question,positive,marketing,8.12,0
T001906,account_access,neutral,billing,20.46,0
T002817,promo_question,neutral,product,7.85,1
T001608,promo_question,negative,product,4.02,1
T000082,promo_question,positive,logistics,2.5,0
T001873,complaint_quality,positive,marketing,4.99,1
T002050,product_inquiry,negative,billing,23.4,1
T002593,account_access,negative,billing,7.63,1
T002620,promo_question,neutral,product,2.32,1
T000340,product_inquiry,positive,account,3.72,0
T001505,account_access,positive,marketing,56.3,0
T000886,product_inquiry,positive,marketing,8.67,0
T002448,product_inquiry,positive,marketing,2.06,1
T000060,product_inquiry,positive,billing,5.31,1
T002905,product_inquiry,negative,account,1.42,1
T000734,product_inquiry,neutral,account,1.35,1
T001480,complaint_quality,positive,marketing,17.57,1
T001441,refund_request,neutral,marketing,1.37,0
T002324,delivery_issue,positive,logistics,17.99,0
T002447,product_inquiry,negative,account,1.14,0
T001684,complaint_quality,negative,billing,11.99,1
T001022,complaint_quality,negative,billing,17.4,0
T002695,promo_question,neutral,product,4.07,0
T000025,product_inquiry,negative,billing,4.59,1
T001506,product_inquiry,neutral,marketing,30.27,0
T001605,complaint_quality,negative,marketing,3.91,0
T001852,promo_question,negative,billing,2.55,1
T001748,promo_question,negative,account,3.22,1
T002816,promo_question,negative,marketing,2.47,1
T000108,promo_question,positive,account,1.66,0
T000988,delivery_issue,positive,billing,16.27,0
T000431,promo_question,negative,logistics,3.35,0
T000854,product_inquiry,positive,marketing,14.3,0
T002153,account_access,positive,logistics,1.24,1
T001534,account_access,positive,account,3.36,0
T002826,complaint_quality,positive,logistics,3.07,0
T001924,promo_question,positive,account,2.22,0
T000169,refund_request,neutral,product,14.78,0
T000576,account_access,neutral,account,13.36,1
T001254,refund_request,neutral,product,18.52,0
T000474,refund_request,positive,billing,11.36,1
T000453,promo_question,positive,logistics,9.02,0
T002803,delivery_issue,positive,product,32.21,1
T002455,complaint_quality,neutral,billing,6.51,0
T002141,account_access,neutral,billing,14.16,0
T001961,refund_request,negative,product,3.19,1
T002305,account_access,neutral,product,16.92,0
T001401,promo_question,neutral,product,13.62,1
T002991,refund_request,neutral,account,4.82,0
T001841,account_access,neutral,marketing,33.6,1
T000937,delivery_issue,neutral,account,22,0
T000107,delivery_issue,positive,account,16.22,1
T002198,promo_question,positive,product,8.05,1
T002632,refund_request,negative,logistics,9.2,0
T000379,account_access,negative,account,19.6,1
T001384,promo_question,negative,account,10.5,0
T002667,product_inquiry,neutral,account,8.04,0
T001632,product_inquiry,positive,logistics,4.97,0
T000317,promo_question,negative,billing,8.03,1
T001708,complaint_quality,negative,billing,1.11,1
T000009,product_inquiry,neutral,account,21.7,1
T000881,delivery_issue,neutral,marketing,11.68,1
T000741,product_inquiry,negative,account,13.79,1
T000672,complaint_quality,neutral,marketing,7.54,0
T000333,account_access,negative,marketing,35.49,0
T002610,refund_request,negative,logistics,13.41,0
T000657,promo_question,neutral,billing,44.54,0
T000370,account_access,neutral,marketing,47.34,1
T000032,refund_request,neutral,logistics,7.96,1
T000047,promo_question,positive,product,21.74,0
T001998,promo_question,positive,logistics,8.25,0
T001439,promo_question,negative,account,3.39,0
T001500,delivery_issue,neutral,product,1.33,1
T000241,delivery_issue,negative,logistics,5.43,0
T001493,refund_request,negative,product,13.41,0
T002479,complaint_quality,positive,logistics,3.28,0
T001222,complaint_quality,positive,logistics,9.91,0
T002763,refund_request,neutral,marketing,6.31,0
T000795,product_inquiry,positive,marketing,16.11,0
T002574,complaint_quality,positive,account,21.4,0
T002569,complaint_quality,negative,account,8.51,1
T000256,refund_request,negative,account,10.05,0
T002657,refund_request,neutral,billing,1.89,1
T002022,refund_request,neutral,account,13.88,1
T002886,product_inquiry,positive,account,1.53,1
T001822,complaint_quality,positive,marketing,8.46,0
T001234,delivery_issue,positive,product,2.55,0
T001884,refund_request,neutral,logistics,5.23,1
T002369,promo_question,positive,logistics,8.36,1
T002119,refund_request,neutral,logistics,17.41,0
T002685,promo_question,positive,product,1.01,0
T000128,account_access,negative,billing,3.58,0
T002831,promo_question,positive,marketing,12.26,0
T001843,complaint_quality,positive,billing,3.53,1
T000020,product_inquiry,negative,marketing,2.19,0
T002594,delivery_issue,neutral,product,9.76,1
T000289,account_access,positive,marketing,3.15,1
T002793,promo_question,neutral,logistics,2.97,0
T000598,account_access,positive,marketing,8.2,1
T002315,refund_request,positive,account,8.86,1
T000964,refund_request,negative,product,8.43,1
T001782,complaint_quality,neutral,logistics,19.24,0
T000151,delivery_issue,positive,account,1.71,0
T001400,complaint_quality,negative,marketing,2.41,1
T000549,account_access,positive,account,4.44,0
T000158,refund_request,positive,logistics,6.4,0
T002294,promo_question,negative,product,1.72,0
T000141,product_inquiry,neutral,product,2.87,1
T002302,account_access,neutral,billing,13.19,0
T000529,account_access,neutral,billing,7.03,0
T000298,delivery_issue,negative,marketing,28.49,1
T000245,promo_question,positive,product,5.2,0
T000454,delivery_issue,positive,account,33.64,0
T001447,product_inquiry,negative,marketing,9.63,1
T000432,promo_question,neutral,product,3.87,1
T002084,complaint_quality,neutral,product,1.17,1
T000625,promo_question,positive,account,33.14,0
T000341,product_inquiry,neutral,billing,12.39,0
T001405,complaint_quality,negative,logistics,10.75,1
T002353,refund_request,negative,account,4.59,1
T000612,promo_question,negative,logistics,7.89,1
T001434,refund_request,neutral,logistics,1.06,0
T001046,promo_question,neutral,account,8.84,1
T000619,product_inquiry,neutral,product,3.88,1
T000278,product_inquiry,positive,product,10.92,1
T001322,complaint_quality,negative,account,1.23,1
T001456,promo_question,neutral,billing,29.66,0
T001048,account_access,neutral,billing,16.3,1
T000813,refund_request,positive,billing,38.13,1
T000720,account_access,negative,product,3.42,0
T001547,promo_question,positive,billing,4.29,1
T002499,account_access,positive,marketing,4.32,1
T000730,delivery_issue,positive,product,1.75,0
T001753,refund_request,negative,marketing,15.11,1
T002900,product_inquiry,positive,marketing,4.44,0
T001051,delivery_issue,positive,product,6.84,1
T000742,refund_request,positive,billing,8.71,1
T000958,refund_request,negative,logistics,11.33,0
T000160,promo_question,positive,product,8.18,1
T000175,product_inquiry,negative,logistics,2.12,1
T002361,promo_question,negative,marketing,9.2,1
T001359,product_inquiry,neutral,account,1.55,0
T000325,promo_question,positive,product,3.82,1
T001983,account_access,positive,logistics,15.93,0
T000856,complaint_quality,neutral,account,5.37,1
T002563,refund_request,negative,billing,18.22,1
T000537,delivery_issue,positive,billing,4.93,0
T002638,refund_request,positive,product,1.67,1
T002431,delivery_issue,neutral,marketing,5.35,0
T002483,delivery_issue,neutral,logistics,9.64,1
T001423,product_inquiry,negative,product,8.75,0
T000538,product_inquiry,positive,product,20.01,0
T000299,product_inquiry,neutral,billing,12.74,1
T002986,account_access,negative,product,6.76,1
T000971,refund_request,positive,product,15.44,1
T000819,complaint_quality,neutral,logistics,2.76,0
T000458,delivery_issue,neutral,logistics,8.1,1
T001805,refund_request,negative,logistics,3.19,0
T002365,product_inquiry,positive,logistics,12.71,1
T002257,account_access,negative,logistics,4.89,0
T002308,account_access,positive,marketing,16.7,1
T001346,refund_request,neutral,marketing,3.77,1
T001221,product_inquiry,positive,product,24.75,1
T000872,promo_question,positive,product,9.69,0
T001390,promo_question,negative,marketing,9.38,1
T001115,product_inquiry,negative,billing,50.13,1
T001893,refund_request,positive,marketing,3.3,0
T000323,promo_question,positive,product,3.74,0
T002149,account_access,negative,logistics,19.83,0
T000797,account_access,positive,product,12.27,0
T001424,promo_question,neutral,billing,11.7,1
T002159,promo_question,positive,marketing,20.3,0
T001995,promo_question,positive,logistics,28.29,0
T000805,complaint_quality,positive,marketing,9.87,0
T001077,refund_request,negative,marketing,3.89,0
T000898,promo_question,positive,product,4.12,0
T002415,delivery_issue,neutral,logistics,21.89,0
T001334,delivery_issue,neutral,logistics,2.6,0
T002543,refund_request,neutral,billing,6.41,1
T002143,account_access,positive,product,2.75,0
T001454,promo_question,neutral,product,12.53,1
T001551,delivery_issue,negative,account,11.95,1
T001598,complaint_quality,negative,product,23.9,0
T001800,account_access,positive,marketing,5.95,1
T001752,delivery_issue,positive,product,3.61,1
T000212,promo_question,neutral,marketing,5.53,1
T000526,complaint_quality,negative,account,12.95,1
T002272,promo_question,positive,billing,2.01,0
T001801,promo_question,positive,logistics,1.87,0
T001284,delivery_issue,neutral,product,30.4,0
T001599,account_access,neutral,marketing,1.9,1
T002711,complaint_quality,neutral,marketing,33.94,1
T000936,promo_question,positive,billing,13.91,0
T001751,delivery_issue,positive,billing,7.59,0
T001857,promo_question,positive,product,1.65,1
T002366,product_inquiry,neutral,account,6.6,0
T001133,product_inquiry,negative,logistics,23.73,0
T002014,account_access,neutral,billing,11.08,1
T002660,account_access,negative,account,5.03,1
T001352,complaint_quality,positive,logistics,7.67,1
T001462,refund_request,positive,billing,10.37,0
T001433,delivery_issue,positive,billing,3.75,0
T000494,refund_request,neutral,marketing,14.87,1
T002395,product_inquiry,negative,marketing,11.81,0
T001013,delivery_issue,negative,marketing,11.61,0
T002854,product_inquiry,neutral,product,15.51,0
T000495,delivery_issue,neutral,billing,14.32,1
T001943,complaint_quality,neutral,account,8.43,1
T002112,refund_request,neutral,logistics,20.79,1
T001665,account_access,negative,billing,7.8,1
T002929,complaint_quality,positive,product,5.06,1
T001025,delivery_issue,positive,marketing,4.36,1
T002540,product_inquiry,positive,billing,2.3,1
T002009,refund_request,neutral,marketing,14.47,1
T000892,refund_request,positive,account,1.34,1
T000324,promo_question,negative,account,17.46,0
T001362,product_inquiry,negative,marketing,20.14,0
T002228,complaint_quality,negative,logistics,10.84,1
T001863,complaint_quality,neutral,billing,3.89,1
T001374,account_access,neutral,account,3.24,1
T000253,refund_request,neutral,marketing,1.76,1
T000871,promo_question,positive,product,24.14,0
T001118,account_access,neutral,logistics,7.9,1
T002600,delivery_issue,negative,marketing,5.8,0
T002843,product_inquiry,neutral,marketing,49.18,0
T001680,account_access,negative,product,1.83,1
T000753,account_access,neutral,logistics,16.31,0
T000646,account_access,neutral,marketing,20.92,0
T002847,delivery_issue,positive,account,16.97,0
T000076,delivery_issue,positive,account,21.36,0
T000014,delivery_issue,neutral,product,4.66,0
T001636,promo_question,neutral,product,31.47,1
T001554,promo_question,positive,product,22.19,0
T000566,account_access,neutral,product,11.51,1
T001371,complaint_quality,neutral,marketing,24.87,1
T000527,product_inquiry,negative,logistics,18.7,1
T000217,promo_question,positive,product,18.06,0
T002557,product_inquiry,positive,billing,1.94,1
T000906,promo_question,neutral,product,8.47,0
T000637,delivery_issue,negative,product,5.21,0
T001195,refund_request,negative,logistics,3.04,0
T001755,refund_request,positive,marketing,10.66,0
T001370,account_access,positive,product,11.69,0
T001287,account_access,neutral,marketing,5.03,0
T000778,product_inquiry,neutral,product,9.85,1
T002286,promo_question,neutral,billing,17.74,1
T000868,product_inquiry,negative,marketing,13.38,1
T001065,promo_question,positive,billing,4.48,0
T001417,product_inquiry,neutral,account,66.07,1
T002210,refund_request,negative,product,21.66,0
T000016,account_access,neutral,marketing,15.51,1
T000574,product_inquiry,neutral,product,42.26,0
T002838,refund_request,positive,product,19.29,1
T001870,product_inquiry,positive,logistics,15.66,1
T001876,product_inquiry,positive,product,19.89,1
T002443,product_inquiry,positive,product,2.07,1
T001980,product_inquiry,neutral,marketing,9.65,1
T002739,complaint_quality,negative,product,4.68,0
T000184,product_inquiry,positive,billing,7.62,1
T002861,product_inquiry,positive,marketing,21.55,1
T002154,product_inquiry,positive,account,4.85,0
T000223,complaint_quality,negative,product,1.98,0
T002549,complaint_quality,negative,account,1.61,1
T002842,complaint_quality,negative,product,4.77,1
T002420,promo_question,positive,logistics,3.91,0
T000162,delivery_issue,neutral,product,1.15,0
T002134,refund_request,positive,product,5.19,0
T001848,account_access,neutral,logistics,9.74,1
T000501,account_access,negative,marketing,6.99,0
T000737,promo_question,negative,logistics,1.3,1
T001360,complaint_quality,negative,product,2.72,0
T002034,product_inquiry,negative,logistics,5.81,1
T002515,complaint_quality,neutral,marketing,17.87,1
T001657,product_inquiry,negative,product,8.62,0
T002049,complaint_quality,neutral,marketing,9.35,0
T001442,promo_question,negative,logistics,7.45,0
T002425,product_inquiry,negative,marketing,22.24,1
T000761,complaint_quality,negative,marketing,15.89,1
T000163,promo_question,positive,logistics,14.84,0
T000178,promo_question,neutral,billing,37.07,1
T001514,account_access,neutral,logistics,1.21,0
T002755,refund_request,negative,logistics,9.49,1
T002560,product_inquiry,negative,marketing,3.19,0
T001858,promo_question,positive,logistics,51.08,1
T002619,refund_request,negative,account,4.16,1
T002457,complaint_quality,positive,logistics,2.25,0
T002242,promo_question,negative,account,1.35,0
T001877,delivery_issue,neutral,logistics,11.47,0
T000069,refund_request,positive,account,1.24,0
T001531,account_access,positive,product,1.37,1
T002832,promo_question,neutral,billing,4.17,0
T000270,account_access,neutral,marketing,13.76,1
T002559,product_inquiry,positive,marketing,11.34,0
T002744,delivery_issue,neutral,marketing,5.07,0
T002966,promo_question,positive,account,4.01,1
T000515,account_access,positive,account,22.31,0
T000203,product_inquiry,neutral,account,6.63,1
T000735,product_inquiry,negative,billing,2.79,1
T000750,refund_request,negative,account,4.9,1
T000119,delivery_issue,neutral,product,5.21,1
T000974,delivery_issue,positive,product,8.42,1
T000980,product_inquiry,positive,marketing,11.01,1
T000496,product_inquiry,positive,product,8.03,1
T001686,complaint_quality,neutral,logistics,2.6,1
T001496,delivery_issue,negative,product,13.13,1
T000054,product_inquiry,positive,marketing,1.72,0
T000706,product_inquiry,negative,billing,9.17,1
T001124,product_inquiry,negative,product,6.27,0
T000449,promo_question,positive,logistics,3.14,0
T000255,delivery_issue,positive,billing,14.03,1
T002205,complaint_quality,neutral,billing,5.58,0
T001892,promo_question,negative,logistics,7.69,1
T001062,complaint_quality,negative,marketing,13.04,0
T002211,complaint_quality,negative,account,18.74,0
T001912,product_inquiry,positive,billing,2.82,1
T000403,refund_request,neutral,marketing,6,1
T002548,account_access,positive,product,1.82,0
T002862,account_access,negative,marketing,1.68,1
T000596,refund_request,neutral,product,8.68,0
T000430,delivery_issue,positive,marketing,10.01,0
T002978,delivery_issue,neutral,billing,2.79,0
T000899,account_access,positive,billing,2.64,0
T000880,refund_request,negative,logistics,11.73,0
T002930,complaint_quality,neutral,product,18.98,1
T002532,delivery_issue,positive,marketing,44.64,1
T000870,complaint_quality,negative,account,4.34,0
T001000,product_inquiry,positive,marketing,25.53,0
T001499,account_access,negative,marketing,14.23,0
T000280,promo_question,neutral,marketing,1.28,0
T002113,complaint_quality,positive,billing,4.45,1
T001934,complaint_quality,neutral,marketing,6.91,1
T002792,product_inquiry,negative,billing,5.15,0
T000852,complaint_quality,positive,marketing,24.55,0
T000036,complaint_quality,negative,product,26.88,0
T000754,delivery_issue,positive,marketing,5.19,0
T002668,refund_request,neutral,account,6.09,1
T002409,complaint_quality,negative,billing,16,1
T002251,refund_request,positive,product,2.72,0
T002161,complaint_quality,negative,billing,2.33,1
T001775,complaint_quality,positive,product,14.64,0
T001656,delivery_issue,positive,logistics,8.48,1
T002651,account_access,neutral,marketing,3.03,1
T002336,product_inquiry,positive,billing,20.65,1
T000774,complaint_quality,neutral,logistics,6.39,1
T001166,complaint_quality,negative,account,10.59,1
T001094,delivery_issue,positive,account,42.37,1
T000168,account_access,positive,product,30.59,0
T002005,product_inquiry,negative,account,2.16,0
T000145,delivery_issue,negative,billing,14.8,0
T001868,product_inquiry,neutral,marketing,15.66,1
T001836,delivery_issue,negative,account,18.93,1
T000481,delivery_issue,neutral,billing,25.26,1
T000846,complaint_quality,negative,marketing,16.44,0
T002367,complaint_quality,neutral,logistics,8.03,1
T000492,promo_question,positive,account,7.61,0
T002360,refund_request,negative,billing,15.69,0
T000358,refund_request,positive,marketing,9.2,1
T001399,account_access,neutral,logistics,1.43,0
T001901,refund_request,neutral,product,2.94,0
T000748,promo_question,neutral,billing,2.33,0
T002957,product_inquiry,positive,billing,2.2,0
T000782,refund_request,negative,logistics,6.22,1
T002120,account_access,positive,logistics,2.35,0
T000829,refund_request,neutral,logistics,6.78,0
T001950,complaint_quality,neutral,billing,26.23,1
T000287,delivery_issue,negative,account,6.27,1
T000173,refund_request,negative,product,7.9,1
T002895,complaint_quality,neutral,product,1.89,1
T002329,delivery_issue,positive,billing,24.3,1
T000221,promo_question,neutral,product,17.38,0
T000070,refund_request,negative,marketing,7.02,1
T000746,account_access,negative,logistics,8.41,0
T000067,product_inquiry,positive,billing,27.86,1
T002771,product_inquiry,negative,logistics,6.52,1
T002197,complaint_quality,neutral,product,2.3,0
T000045,delivery_issue,negative,logistics,9.96,0
T001757,refund_request,negative,marketing,5.02,1
T002362,refund_request,negative,account,5.18,1
T001648,complaint_quality,neutral,marketing,25.2,1
T002011,refund_request,negative,logistics,12.04,1
T001198,product_inquiry,positive,account,13.62,1
T002140,promo_question,positive,product,13.52,1
T002216,complaint_quality,neutral,logistics,10.85,1
T000570,refund_request,negative,product,33.46,0
T001126,delivery_issue,neutral,logistics,3.75,0
T001746,promo_question,neutral,logistics,7.19,1
T002356,refund_request,negative,marketing,12.27,1
T000124,account_access,positive,account,2.58,1
T002218,complaint_quality,negative,logistics,3.84,1
T002190,refund_request,neutral,billing,4.66,1
T000468,complaint_quality,positive,marketing,5.71,0
T002841,complaint_quality,positive,logistics,5.19,1
T002669,delivery_issue,positive,logistics,1.56,1
T002271,delivery_issue,negative,account,5.65,0
T002147,product_inquiry,negative,logistics,3.03,1
T002398,product_inquiry,neutral,product,1.95,1
T001973,complaint_quality,positive,logistics,3.99,1
T002116,account_access,negative,logistics,3.63,1
T001114,delivery_issue,positive,logistics,2.5,0
T000659,account_access,neutral,product,2.4,0
T001750,account_access,negative,marketing,13.7,0
T002981,promo_question,neutral,billing,55.64,0
T001975,complaint_quality,negative,marketing,1.39,1
T001252,product_inquiry,neutral,product,8.01,1
T002172,delivery_issue,neutral,marketing,2.78,1
T002545,delivery_issue,negative,marketing,2.35,1
T000715,complaint_quality,negative,marketing,2.66,1
T000257,account_access,positive,product,12,1
T002504,account_access,neutral,billing,2.25,1
T002399,promo_question,negative,logistics,9.55,0
T000502,delivery_issue,positive,account,3.57,1
T001117,delivery_issue,neutral,account,32.24,1
T001614,delivery_issue,negative,billing,7.94,0
T001523,refund_request,negative,product,17.97,0
T002234,delivery_issue,negative,marketing,29.87,1
T001851,promo_question,neutral,product,4.86,1
T001163,account_access,neutral,marketing,1.12,0
T001508,promo_question,negative,billing,39.97,1
T002945,complaint_quality,neutral,logistics,2.92,1
T001273,delivery_issue,negative,billing,6.66,0
T001240,delivery_issue,neutral,marketing,6.69,0
T001165,delivery_issue,positive,marketing,2.5,1
T002814,account_access,positive,product,7.49,1
T000777,refund_request,neutral,product,15.17,0
T000465,promo_question,neutral,account,6.16,1
T002275,account_access,negative,billing,2.24,0
T001620,delivery_issue,positive,logistics,9.59,1
T000356,refund_request,negative,billing,29.58,0
T000705,product_inquiry,negative,billing,1.82,1
T001019,account_access,positive,logistics,4.14,1
T001461,account_access,negative,marketing,28.45,0
T000641,complaint_quality,neutral,product,10.23,1
T000412,refund_request,negative,marketing,7.97,1
T001429,delivery_issue,negative,product,4.8,0
T001416,refund_request,negative,product,9.7,1
T002745,delivery_issue,positive,logistics,7.58,1
T000901,delivery_issue,neutral,marketing,9.7,1
T001795,delivery_issue,positive,marketing,3.4,0
T000263,complaint_quality,positive,marketing,8.21,0
T001239,account_access,negative,billing,1.92,0
T002864,product_inquiry,negative,account,6.7,1
T001731,complaint_quality,negative,billing,2.75,0
T001638,promo_question,neutral,logistics,3.38,1
T001700,delivery_issue,neutral,logistics,8.82,0
T000560,account_access,negative,account,20.01,0
T000917,product_inquiry,positive,logistics,7.43,0
T000967,product_inquiry,positive,marketing,13.52,0
T000426,complaint_quality,neutral,marketing,5.94,1
T000536,promo_question,neutral,account,1.01,0
T000679,delivery_issue,neutral,billing,17.12,1
T001348,refund_request,neutral,product,23.62,1
T002436,product_inquiry,positive,marketing,4.71,0
T000849,delivery_issue,negative,logistics,43.81,0
T002524,delivery_issue,positive,marketing,1.72,0
T001041,product_inquiry,negative,billing,3.08,0
T002400,complaint_quality,positive,marketing,12.6,0
T002339,complaint_quality,positive,logistics,12.29,1
T001758,promo_question,neutral,marketing,28.3,1
T002032,promo_question,neutral,marketing,17.63,1
T001999,refund_request,positive,product,3.15,1
T000521,product_inquiry,negative,product,3.87,1
T002129,complaint_quality,negative,product,2.08,0
T002446,promo_question,negative,marketing,4.26,1
T002891,complaint_quality,neutral,marketing,8.18,0
T001247,account_access,negative,product,3.8,1
T001407,delivery_issue,positive,billing,13.22,1
T002519,account_access,positive,billing,25.38,1
T002078,account_access,positive,billing,3.16,0
T002055,account_access,positive,marketing,36.75,1
T000192,delivery_issue,positive,account,29.36,1
T000565,product_inquiry,neutral,account,5.01,1
T000072,delivery_issue,positive,account,8.84,1
T000443,complaint_quality,neutral,logistics,13.83,1
T001875,promo_question,neutral,marketing,19.23,0
T001645,promo_question,neutral,billing,3.48,0
T000604,account_access,positive,product,11.3,1
T002976,delivery_issue,negative,logistics,16.05,1
T000208,refund_request,positive,product,5.38,0
T001180,delivery_issue,neutral,logistics,19.03,1
T001466,delivery_issue,positive,marketing,11.34,0
T001652,delivery_issue,neutral,logistics,8.25,1
T000822,refund_request,negative,product,2.78,0
T002752,account_access,negative,account,32.15,1
T002871,refund_request,negative,marketing,2.66,0
T002081,promo_question,negative,account,12.64,1
T001031,account_access,negative,billing,1.41,1
T001023,delivery_issue,positive,product,2.99,0
T002853,product_inquiry,neutral,marketing,12.97,0
T001373,product_inquiry,negative,product,6.88,0
T001815,promo_question,neutral,product,28.41,0
T001357,complaint_quality,neutral,logistics,7.68,0
T001546,product_inquiry,neutral,product,4.78,1
T001935,refund_request,positive,billing,54.45,0
T000781,account_access,neutral,marketing,2.82,1
T000318,delivery_issue,positive,marketing,4.8,1
T001911,product_inquiry,neutral,billing,22.76,0
T000991,refund_request,positive,product,21.2,0
T000593,complaint_quality,positive,logistics,10.74,1
T000335,complaint_quality,negative,logistics,2.76,1
T002276,delivery_issue,neutral,marketing,8.46,0
T001536,product_inquiry,neutral,billing,11.81,0
T002625,account_access,neutral,product,5.26,1
T002082,product_inquiry,neutral,account,28.28,0
T002158,delivery_issue,neutral,account,3.9,1
T000767,delivery_issue,negative,billing,3.29,0
T002937,complaint_quality,negative,billing,5.98,1
T001732,complaint_quality,negative,logistics,2.6,1
T000602,promo_question,negative,product,9.76,0
T000127,refund_request,positive,logistics,1.63,0
T001562,product_inquiry,positive,logistics,1.58,0
T002596,complaint_quality,neutral,billing,2.93,1
T000375,delivery_issue,negative,marketing,2.35,0
T002260,promo_question,negative,logistics,1.04,0
T002379,refund_request,negative,product,9.93,1
T002382,product_inquiry,neutral,billing,10.61,0
T001147,promo_question,positive,marketing,27.15,1
T000680,account_access,positive,logistics,1.23,0
T001974,promo_question,neutral,product,1.8,0
T002217,account_access,positive,logistics,6.23,1
T001666,promo_question,negative,billing,5.26,0
T000157,product_inquiry,negative,logistics,8.71,0
T001264,refund_request,negative,marketing,3.74,0
T001937,promo_question,neutral,product,9.04,0
T002702,product_inquiry,neutral,billing,21.61,0
T000034,refund_request,neutral,logistics,9.35,0
T000440,refund_request,neutral,marketing,14.52,1
T001783,promo_question,neutral,billing,11.45,1
T000275,product_inquiry,positive,product,19.95,0
T002340,refund_request,positive,logistics,2.42,0
T002781,delivery_issue,negative,marketing,2.45,1
T001685,promo_question,negative,logistics,23.59,0
T001265,product_inquiry,neutral,marketing,18.72,1
T000332,refund_request,positive,account,2.51,0
T000052,refund_request,neutral,product,2.35,1
T001285,account_access,positive,account,19.01,1
T002006,delivery_issue,negative,billing,35.69,1
T002628,refund_request,negative,product,8.47,0
T002904,promo_question,neutral,billing,7.54,0
T002637,product_inquiry,positive,billing,2.97,0
T001245,delivery_issue,neutral,logistics,1.33,0
T000086,delivery_issue,negative,billing,4.24,0
T000410,complaint_quality,neutral,logistics,31.77,0
T001807,delivery_issue,neutral,billing,12.3,0
T001891,product_inquiry,positive,marketing,2.23,0
T001157,complaint_quality,positive,product,1.52,1
T000843,account_access,positive,logistics,14.64,1
T001315,complaint_quality,positive,marketing,5.03,1
T000006,account_access,negative,marketing,40.11,0
T002038,complaint_quality,negative,logistics,7.64,0
T000919,delivery_issue,negative,billing,5.07,0
T002614,refund_request,negative,marketing,3.68,0
T000685,promo_question,positive,logistics,14.77,0
T002317,account_access,positive,billing,7.19,1
T000968,account_access,negative,account,13.6,0
T001705,refund_request,neutral,product,10.06,0
T002953,promo_question,neutral,product,29.54,0
T002489,delivery_issue,negative,product,1.2,0
T000996,product_inquiry,negative,marketing,11.05,0
T000196,promo_question,neutral,billing,6.73,1
T002073,promo_question,positive,marketing,16.34,0
T001618,promo_question,neutral,account,12.67,1
T002630,promo_question,positive,logistics,5.72,0
T001167,promo_question,neutral,product,5.63,0
T001258,delivery_issue,negative,logistics,1.29,0
T001693,complaint_quality,neutral,billing,48.36,0
T000912,delivery_issue,negative,logistics,14.8,0
T002345,delivery_issue,positive,marketing,2.63,0
T002245,delivery_issue,positive,product,9.16,1
T001186,refund_request,positive,billing,26.83,1
T000957,refund_request,neutral,logistics,2.57,0
T001223,product_inquiry,positive,account,21.44,0
T001914,refund_request,positive,marketing,13.73,0
T001235,account_access,negative,account,4.92,0
T001742,complaint_quality,positive,product,3.05,1
T000524,delivery_issue,positive,logistics,10.92,0
T000834,promo_question,positive,billing,6.69,0
T001440,promo_question,positive,logistics,4.33,1
T000731,account_access,negative,product,19.17,1
T002705,refund_request,positive,billing,52.7,1
T002893,refund_request,neutral,billing,8.56,1
T001336,delivery_issue,neutral,logistics,1.93,0
T002870,account_access,neutral,account,2.45,1
T002018,refund_request,neutral,product,16.81,0
T001609,complaint_quality,negative,billing,29.1,1
T002607,delivery_issue,positive,marketing,2.15,1
T000714,product_inquiry,negative,logistics,2.84,1
T001300,complaint_quality,negative,marketing,24.25,0
T002910,complaint_quality,positive,marketing,7.89,0
T002550,product_inquiry,positive,logistics,36.42,0
T001053,account_access,neutral,billing,6.03,1
T000804,refund_request,neutral,account,3.06,0
T001856,product_inquiry,negative,billing,2.23,1
T002761,refund_request,neutral,logistics,8.62,1
T001478,promo_question,negative,billing,10.34,0
T000563,promo_question,positive,billing,8.19,0
T002326,refund_request,positive,marketing,10.3,1
T002194,promo_question,negative,product,14,0
T000891,product_inquiry,negative,account,9.93,0
T001922,delivery_issue,positive,billing,15.14,0
T002313,account_access,negative,account,9.86,1
T002255,complaint_quality,neutral,billing,37.8,0
T000334,complaint_quality,negative,logistics,12.17,1
T002598,product_inquiry,negative,billing,15.63,0
T001210,refund_request,positive,logistics,5.3,1
T000419,promo_question,negative,logistics,3.57,0
T002748,account_access,neutral,account,7.73,1
T001490,refund_request,negative,marketing,13.17,0
T001864,refund_request,negative,marketing,2,0
T002754,complaint_quality,neutral,logistics,12.5,0
T000665,refund_request,negative,marketing,10.77,0
T002460,product_inquiry,negative,billing,17.15,0
T002773,refund_request,neutral,marketing,34.12,1
T001540,product_inquiry,positive,billing,7.41,0
T001971,product_inquiry,negative,account,1.33,0
T002182,refund_request,neutral,account,14.57,1
T001472,complaint_quality,neutral,billing,1.94,0
T002836,complaint_quality,negative,billing,4.06,0
T001925,complaint_quality,negative,marketing,10.97,1
T002922,complaint_quality,positive,account,3.29,0
T002568,account_access,positive,product,26.81,0
T001005,refund_request,positive,product,2.09,1
T002440,refund_request,negative,billing,10.34,0
T000083,promo_question,positive,marketing,17.81,1
T002027,complaint_quality,positive,billing,8.73,0
T001969,account_access,positive,product,1.48,1
T000947,complaint_quality,negative,product,11.83,0
T001191,account_access,neutral,billing,50.59,1
T001002,account_access,positive,billing,24.16,1
T001057,refund_request,positive,logistics,17.52,0
T002348,delivery_issue,positive,marketing,2.94,1
T002144,refund_request,negative,product,25.28,0
T001897,promo_question,negative,product,9.44,1
T001497,refund_request,neutral,account,12.81,0
T002570,product_inquiry,positive,billing,7,1
T002850,account_access,negative,account,4.59,1
T001809,delivery_issue,negative,billing,9.79,0
T001579,account_access,negative,marketing,6.02,1
T002931,refund_request,positive,product,25.2,1
T000525,promo_question,positive,logistics,3.34,0
T001066,delivery_issue,positive,logistics,29.63,1
T001881,complaint_quality,negative,marketing,7.89,1
T001890,complaint_quality,positive,account,1.97,0
T000675,complaint_quality,positive,billing,12.33,0
T002796,delivery_issue,negative,marketing,1.86,0
T001344,account_access,neutral,product,17.66,0
T002277,promo_question,negative,account,5.62,1
T000509,account_access,neutral,marketing,12.2,0
T000670,promo_question,neutral,product,10.13,0
T000416,promo_question,positive,product,4.78,1
T002856,delivery_issue,neutral,billing,4.86,0
T000923,product_inquiry,negative,marketing,38.92,0
T001988,product_inquiry,positive,account,10.09,0
T002767,account_access,positive,marketing,22.28,0
T000751,product_inquiry,positive,marketing,4.18,1
T001160,promo_question,positive,marketing,14,1
T002152,product_inquiry,neutral,billing,4.81,1
T000433,refund_request,positive,logistics,2.23,1
T002804,refund_request,negative,account,10.84,0
T001576,delivery_issue,negative,billing,5.66,1
T002327,product_inquiry,positive,marketing,2.26,1
T001266,delivery_issue,negative,billing,7.85,0
T002410,product_inquiry,neutral,billing,6.32,1
T000063,refund_request,negative,billing,4.15,0
T002759,product_inquiry,neutral,marketing,2.31,0
T002287,refund_request,positive,marketing,10.41,1
T001530,complaint_quality,positive,logistics,2.37,1
T000930,complaint_quality,positive,logistics,17.55,0
T001589,delivery_issue,positive,product,1.17,1
T000897,account_access,neutral,account,19.73,0
T002045,product_inquiry,neutral,account,3.87,0
T000030,promo_question,positive,product,10.51,1
T002730,complaint_quality,negative,billing,10.27,1
T002241,refund_request,positive,billing,4.84,0
T000838,complaint_quality,positive,logistics,10.21,1
T001814,delivery_issue,positive,product,7.35,0
T001063,account_access,neutral,product,12.35,1
T000389,complaint_quality,positive,account,5,1
T002381,complaint_quality,neutral,marketing,6.14,1
T000609,delivery_issue,positive,account,14.71,0
T002799,product_inquiry,negative,marketing,1.62,1
T002507,account_access,positive,billing,32.05,1
T001492,product_inquiry,neutral,marketing,5.62,1
T001293,account_access,negative,account,28.04,0
T000664,delivery_issue,positive,account,4.79,1
T000682,product_inquiry,positive,billing,17.13,1
T002223,promo_question,negative,account,2.54,1
T001919,product_inquiry,neutral,billing,14.95,1
T000758,refund_request,negative,product,9,1
T001393,complaint_quality,positive,logistics,10.53,0
T001092,promo_question,positive,account,18.87,1
T000002,complaint_quality,positive,marketing,7.17,1
T000316,delivery_issue,positive,billing,13.32,1
T001706,product_inquiry,negative,logistics,1.97,1
T000600,delivery_issue,neutral,product,36.5,1
T002316,delivery_issue,negative,billing,8.16,1
T002456,delivery_issue,negative,logistics,18.76,0
T002840,promo_question,neutral,marketing,1.43,0
T000100,account_access,negative,product,2.52,0
T000599,account_access,neutral,marketing,11.59,1
T000889,account_access,positive,marketing,4.75,1
T002093,promo_question,neutral,product,15.35,0
T000023,product_inquiry,negative,marketing,16.49,1
T000674,product_inquiry,positive,account,12.59,0
T002226,refund_request,positive,marketing,10.29,1
T001479,promo_question,positive,logistics,10.66,0
T000118,delivery_issue,neutral,billing,25.36,1
T000200,product_inquiry,positive,marketing,24.43,0
T002996,complaint_quality,neutral,product,11.52,1
T002264,product_inquiry,positive,account,5.65,0
T001904,delivery_issue,positive,billing,2.76,1
T000027,complaint_quality,positive,marketing,11.52,1
T000909,refund_request,negative,logistics,6.07,1
T002322,delivery_issue,positive,product,6.77,1
T001330,promo_question,negative,marketing,6.92,1
T000172,product_inquiry,negative,account,6.08,0
T000555,promo_question,negative,marketing,18.84,0
T001014,refund_request,negative,marketing,2.09,0
T001763,product_inquiry,positive,logistics,7.85,0
T000071,promo_question,negative,logistics,4.98,1
T002292,refund_request,positive,account,15.87,0
T001111,product_inquiry,negative,logistics,3.65,1
T000799,account_access,negative,marketing,6.96,0
T000094,delivery_issue,negative,account,16.08,1
T000949,account_access,positive,account,6.25,1
T000933,promo_question,negative,marketing,4.7,0
T001450,complaint_quality,positive,billing,12.99,1
T001741,account_access,negative,logistics,7.34,0
T002860,account_access,neutral,product,9.56,0
T001560,refund_request,positive,marketing,5.19,0
T001320,promo_question,neutral,account,11.04,1
T002556,product_inquiry,neutral,logistics,11.95,0
T000704,refund_request,neutral,billing,6.82,1
T002624,account_access,neutral,product,2.97,0
T000841,refund_request,negative,marketing,4.28,0
T000498,complaint_quality,positive,billing,5.06,0
T000301,account_access,negative,marketing,7.48,1
T001263,delivery_issue,negative,marketing,27.85,1
T002876,delivery_issue,positive,logistics,1.26,1
T002848,promo_question,positive,account,3.24,0
T002809,account_access,positive,product,1.12,1
T002602,account_access,positive,account,10.9,1
T000922,product_inquiry,negative,account,3.68,1
T001674,product_inquiry,positive,billing,52.58,0
T000121,account_access,negative,logistics,3.2,0
T002359,complaint_quality,neutral,marketing,7.01,0
T000106,account_access,positive,product,4.68,1
T002010,product_inquiry,positive,marketing,4.08,0
T000821,product_inquiry,neutral,logistics,32.28,0
T001151,account_access,neutral,product,22.12,1
T002865,account_access,negative,product,1.08,1
T002491,account_access,neutral,marketing,5.49,0
T001613,promo_question,negative,account,11.72,0
T002513,promo_question,positive,billing,7.43,0
T000785,promo_question,negative,product,42.64,0
T002846,delivery_issue,positive,marketing,13.58,0
T000205,account_access,neutral,marketing,10.39,0
T002746,product_inquiry,negative,logistics,6.02,0
T000559,product_inquiry,positive,product,2.86,1
T002681,promo_question,positive,logistics,13.38,1
T001220,promo_question,neutral,marketing,1.38,1
T001860,account_access,positive,product,27.26,1
T002934,promo_question,neutral,marketing,5.84,0
T002787,complaint_quality,neutral,product,9.03,1
T002530,promo_question,neutral,marketing,6.19,0
T002465,refund_request,positive,logistics,5.54,1
T000833,delivery_issue,neutral,logistics,41.69,1
T001079,product_inquiry,neutral,product,9.27,1
T001965,account_access,negative,marketing,22.28,1
T002566,promo_question,negative,logistics,3.17,0
T002138,refund_request,negative,account,8.81,0
T000371,promo_question,neutral,billing,7.65,0
T000998,complaint_quality,neutral,account,5.95,0
T002427,refund_request,neutral,marketing,7.75,1
T002511,promo_question,negative,logistics,3.77,1
T001150,account_access,positive,account,16.76,1
T001770,product_inquiry,positive,marketing,10.35,0
T000477,promo_question,positive,billing,2.26,0
T001675,refund_request,negative,logistics,7.62,0
T001203,refund_request,negative,marketing,29.71,1
T001211,complaint_quality,positive,account,29.13,0
T002094,promo_question,positive,billing,46.88,0
T001179,product_inquiry,neutral,account,3.5,0
T002243,delivery_issue,negative,product,17.27,0
T001527,refund_request,positive,product,9.98,1
T002232,refund_request,neutral,billing,15.74,0
T001926,refund_request,positive,marketing,11.45,0
T002872,promo_question,neutral,product,3.72,0
T001256,delivery_issue,negative,billing,1.98,0
T002819,complaint_quality,neutral,marketing,7.7,1
T002961,promo_question,neutral,product,5.89,0
T001302,promo_question,neutral,logistics,6.33,1
T002487,account_access,neutral,product,9.66,1
T000564,account_access,neutral,marketing,15.65,0
T002760,delivery_issue,negative,account,13.96,0
T000012,account_access,positive,marketing,7.48,1
T002528,complaint_quality,neutral,logistics,8.59,1
T001387,product_inquiry,neutral,logistics,9.73,0
T000616,refund_request,positive,marketing,15.18,1
T002951,promo_question,positive,product,22.26,0
T001502,delivery_issue,neutral,marketing,8.48,0
T001395,promo_question,positive,billing,20.89,0
T001143,refund_request,positive,marketing,28.17,1
T001812,account_access,negative,marketing,3.22,1
T002722,product_inquiry,neutral,account,7.27,1
T002060,refund_request,neutral,billing,5.01,1
T002789,product_inquiry,neutral,account,2.52,0
T001825,product_inquiry,negative,account,4.07,1
T000976,product_inquiry,negative,billing,6.3,0
T001803,promo_question,neutral,product,8.34,0
T000792,product_inquiry,neutral,billing,8.21,1
T001694,refund_request,positive,logistics,4.99,0
T001671,promo_question,neutral,product,31.49,0
T001443,account_access,positive,billing,1.54,1
T000355,promo_question,positive,account,15.46,1
T000112,complaint_quality,neutral,logistics,26.39,1
T001692,delivery_issue,neutral,marketing,15.75,1
T001601,complaint_quality,negative,marketing,2.34,1
T000831,product_inquiry,positive,product,21.33,1
T000085,complaint_quality,positive,billing,4.58,0
T000579,delivery_issue,positive,account,3.75,0
T000725,account_access,negative,marketing,29.47,0
T001549,delivery_issue,positive,logistics,7.93,0
T002052,delivery_issue,negative,account,6.88,0
T000383,product_inquiry,neutral,product,3.88,1
T002647,product_inquiry,positive,logistics,8.4,0
T001428,promo_question,positive,product,7.83,0
T002520,promo_question,positive,billing,5.35,1
T001045,complaint_quality,negative,account,5.12,0
T001990,promo_question,neutral,logistics,4.15,0
T002756,account_access,positive,account,14.07,0
T002495,promo_question,positive,billing,22.36,1
T001459,delivery_issue,positive,marketing,10.12,0
T002041,product_inquiry,neutral,product,8.72,0
T000017,promo_question,positive,account,14.69,0
T002514,promo_question,neutral,product,9.61,0
T001776,account_access,positive,account,4.7,1
T001593,delivery_issue,positive,logistics,6.7,0
T002030,delivery_issue,negative,product,6.23,0
T001774,account_access,neutral,product,6.39,0
T002386,complaint_quality,positive,account,10.24,0
T001033,complaint_quality,negative,logistics,8.59,1
T001724,complaint_quality,neutral,billing,1.43,1
T001411,account_access,positive,logistics,1.98,1
T001418,refund_request,positive,billing,1.03,1
T002451,promo_question,negative,logistics,23.49,0
T002700,complaint_quality,negative,logistics,5.98,0
T002612,refund_request,negative,marketing,7.33,0
T000191,complaint_quality,neutral,billing,1.2,0
T000673,complaint_quality,negative,billing,6.22,1
T000211,product_inquiry,neutral,billing,12.27,0
T001076,refund_request,positive,billing,3.95,0
T000277,complaint_quality,positive,product,11.31,1
T000368,complaint_quality,positive,account,1.84,1
T001826,complaint_quality,negative,logistics,8.67,0
T000311,refund_request,neutral,billing,37.72,0
T000626,promo_question,negative,marketing,31.61,1
T002289,delivery_issue,negative,billing,17.95,0
T000134,delivery_issue,negative,account,7.39,1
T002288,account_access,neutral,marketing,1.18,1
T001232,refund_request,positive,marketing,9.63,0
T000772,promo_question,negative,marketing,1.98,0
T001575,promo_question,neutral,product,3.37,0
T000219,complaint_quality,negative,product,10.15,0
T001886,refund_request,neutral,logistics,5.93,1
T002426,complaint_quality,negative,billing,2.29,1
T000592,complaint_quality,positive,account,3.32,0
T002341,account_access,neutral,account,4.85,0
T001398,account_access,neutral,account,20.83,0
T000065,complaint_quality,neutral,product,27.92,0
T001463,account_access,negative,billing,50.4,1
T001835,complaint_quality,negative,account,20.39,1
T002164,promo_question,negative,billing,34.78,0
T001477,delivery_issue,positive,logistics,8.35,1
T000418,product_inquiry,neutral,product,8.14,1
T001518,product_inquiry,negative,logistics,5.98,0
T000700,promo_question,positive,account,4.58,0
T001834,promo_question,negative,logistics,11.66,1
T001003,product_inquiry,neutral,account,16.96,0
T001148,account_access,neutral,marketing,36.58,1
T000848,complaint_quality,negative,account,11.05,0
T001786,account_access,positive,billing,16.1,1
T000343,delivery_issue,neutral,logistics,4.66,1
T002307,delivery_issue,positive,logistics,4.88,1
T001968,promo_question,neutral,billing,1.33,0
T002972,delivery_issue,negative,marketing,8.28,1
T002333,account_access,neutral,billing,11.28,0
T000649,account_access,neutral,billing,6.98,1
T001437,delivery_issue,neutral,marketing,4.78,1
T000183,refund_request,positive,product,16.89,0
T000450,complaint_quality,neutral,logistics,11.29,0
T002423,product_inquiry,neutral,logistics,34.53,1
T001651,promo_question,neutral,marketing,5.93,1
